Workbook

Sheet Index
A1: TOPS Technologies - Data Analytics | Assessment M3-A1
A2: Submitted by: Sagar Gupta | Stack: Microsoft Excel + Python 3 | Domain: Food delivery
A4: Section / Task | B4: Sheet(s) in this workbook | C4: What is inside | D4: Status
A5: B - Task 1 | B5: T1_Orders, Premium Orders | C5: 40-row orders dataset, 2 data validations, Advanced Filter criteria + output, DeliveryTime colour rules + icon set | D5: Complete
A6: B - Task 2 | B6: Restaurants, Orders | C6: 20 restaurants; XLOOKUP (not-found = 'Not Listed'); INDEX-MATCH for Zone; AVERAGEIF zone summary with dynamic zone names | D6: Complete
A7: B - Task 3 | B7: tblOrders, T3_Pivots, Pivot Check | C7: tblOrders (Excel Table, 120 rows) is the source. Pivot objects: follow 'Pivot Guide' (Part 1). 'Pivot Check' has formula totals your pivots must match | D7: Insert pivots/slicers/timeline in Excel (about 10 min)
A8: B - Task 4 | B8: Stats Summary, tblOrders (Outlier Flag), + .py script | C8: QUARTILE.INC / STDEV.S / VAR.S / MODE.SNGL summary, IQR bounds, Outlier Flag column. Python: Sagar_Gupta_M3-A1_Task4_EDA.py | D8: Complete
A9: C - Capstone | B9: tblOrders, Restaurants, Zone Stats, Dashboard | C9: Enrichment via XLOOKUP ('Unknown'), Zone Stats (AVERAGEIF + array STDEV), KPI cards, Top 10% rule. Pivots/slicers: 'Pivot Guide' (Part 2) | D9: Insert pivots/slicers/timeline in Excel (about 10 min)
A10: D - AI-augmented | B10: (separate files) | C10: D1_ai_original_script.py, D2_corrected_script.py, D_test_orders.csv + written note | D10: Complete
A12: Assumptions & notes
A13: 1. All data is simulated (random seed fixed in data.py) - no external data sources were used.
A14: 2. Revenue = order value in Rs. Cancelled orders keep their order value (the spec's KPI formulas sum Revenue without a Status filter).
A15: 3. DeliveryTime is in minutes. Delayed = DeliveryTime > 45 in the generated data; On-Time KPI uses Delivered AND DeliveryTime <= 40 as the capstone asks.
A16: 4. tblOrders has an extra helper column 'Orders' (always 1) so the Task 3 calculated field =Revenue/Orders works (SUM of Orders = order count).
A17: 5. Premium Orders holds the Advanced Filter output as static values (that is how Advanced Filter works). Re-run steps are noted on that sheet.
A18: 6. Zone / cuisine / restaurant IDs in tblOrders are consistent with the Restaurants sheet (each restaurant belongs to exactly one zone).

Sheet T1_Orders
A1: OrderID | B1: CustomerName | C1: Cuisine | D1: OrderDate | E1: DeliveryTime | F1: Rating | G1: Revenue | H1: Status | J1: Advanced Filter criteria range (J3:L4)
A2: FD1001 | B2: Karan Malhotra | C2: North Indian | D2: 46235 | E2: 24 | F2: 5 | G2: 180 | H2: Delivered
A3: FD1002 | B3: Kavya Reddy | C3: Chinese | D3: 46237 | E3: 25 | F3: 4 | G3: 230 | H3: Delivered | J3: Status | K3: Revenue | L3: Rating
A4: FD1003 | B4: Meera Shah | C4: South Indian | D4: 46238 | E4: 34 | F4: 4 | G4: 580 | H4: Delivered | J4: Delivered | K4: >500 | L4: >=4
A5: FD1004 | B5: Anjali Verma | C5: Fast Food | D5: 46239 | E5: 42 | F5: 4 | G5: 810 | H5: Delivered
A6: FD1005 | B6: Siddharth Rao | C6: Italian | D6: 46239 | E6: 32 | F6: 5 | G6: 830 | H6: Delivered | J6: Colour rule for DeliveryTime (min): green <= 30, amber 31-45, red > 45 (fill rules + traffic-light icon set).
A7: FD1006 | B7: Aarav Sharma | C7: North Indian | D7: 46239 | E7: 20 | F7: 5 | G7: 200 | H7: Delivered | J7: Units: DeliveryTime = minutes, Rating = 1-5, Revenue = Rs.
A8: FD1007 | B8: Aarav Sharma | C8: Chinese | D8: 46239 | E8: 35 | F8: 5 | G8: 720 | H8: Delivered
A9: FD1008 | B9: Riya Chauhan | C9: South Indian | D9: 46239 | E9: 41 | F9: 1 | G9: 250 | H9: Cancelled
A10: FD1009 | B10: Manish Yadav | C10: Fast Food | D10: 46242 | E10: 41 | F10: 3 | G10: 570 | H10: Delivered
A11: FD1010 | B11: Aarav Sharma | C11: Italian | D11: 46243 | E11: 31 | F11: 5 | G11: 570 | H11: Delivered
A12: FD1011 | B12: Pooja Nair | C12: North Indian | D12: 46245 | E12: 24 | F12: 5 | G12: 610 | H12: Delivered
A13: FD1012 | B13: Meera Shah | C13: Chinese | D13: 46246 | E13: 28 | F13: 5 | G13: 660 | H13: Delivered
A14: FD1013 | B14: Priya Patel | C14: South Indian | D14: 46247 | E14: 48 | F14: 5 | G14: 220 | H14: Delayed
A15: FD1014 | B15: Pooja Nair | C15: Fast Food | D15: 46248 | E15: 44 | F15: 3 | G15: 900 | H15: Delivered
A16: FD1015 | B16: Anjali Verma | C16: Italian | D16: 46249 | E16: 20 | F16: 5 | G16: 220 | H16: Delivered
A17: FD1016 | B17: Amit Desai | C17: North Indian | D17: 46250 | E17: 31 | F17: 1 | G17: 1020 | H17: Cancelled
A18: FD1017 | B18: Karan Malhotra | C18: Chinese | D18: 46250 | E18: 56 | F18: 3 | G18: 680 | H18: Delayed
A19: FD1018 | B19: Arjun Kapoor | C19: South Indian | D19: 46250 | E19: 51 | F19: 4 | G19: 330 | H19: Delayed
... A41: FD1040 | B41: Rahul Joshi | C41: Italian | D41: 46265 | E41: 37 | F41: 4 | G41: 310 | H41: Delivered

Sheet Premium Orders
A1: OrderID | B1: CustomerName | C1: Cuisine | D1: OrderDate | E1: DeliveryTime | F1: Rating | G1: Revenue | H1: Status | J1: Advanced Filter output
A2: FD1003 | B2: Meera Shah | C2: South Indian | D2: 46238 | E2: 34 | F2: 4 | G2: 580 | H2: Delivered | J2: Rule: Status = 'Delivered' AND Revenue > 500 AND Rating >= 4
A3: FD1004 | B3: Anjali Verma | C3: Fast Food | D3: 46239 | E3: 42 | F3: 4 | G3: 810 | H3: Delivered | J3: List range: T1_Orders!$A$1:$H$41 | Criteria range: T1_Orders!$J$3:$L$4 | Copy to: 'Premium Orders'!$A$1:$H$1
A4: FD1005 | B4: Siddharth Rao | C4: Italian | D4: 46239 | E4: 32 | F4: 5 | G4: 830 | H4: Delivered | J4: To re-run: select a cell in 'Premium Orders', Data > Advanced > 'Copy to another location', then enter the three ranges above.
A5: FD1007 | B5: Aarav Sharma | C5: Chinese | D5: 46239 | E5: 35 | F5: 5 | G5: 720 | H5: Delivered | J5: Rows returned: 15 (values are static - that is how Advanced Filter output works)
A6: FD1010 | B6: Aarav Sharma | C6: Italian | D6: 46243 | E6: 31 | F6: 5 | G6: 570 | H6: Delivered
A7: FD1011 | B7: Pooja Nair | C7: North Indian | D7: 46245 | E7: 24 | F7: 5 | G7: 610 | H7: Delivered
A8: FD1012 | B8: Meera Shah | C8: Chinese | D8: 46246 | E8: 28 | F8: 5 | G8: 660 | H8: Delivered
A9: FD1019 | B9: Sneha Iyer | C9: Fast Food | D9: 46250 | E9: 37 | F9: 4 | G9: 580 | H9: Delivered
A10: FD1021 | B10: Rohan Mehta | C10: North Indian | D10: 46251 | E10: 29 | F10: 4 | G10: 940 | H10: Delivered
A11: FD1027 | B11: Rahul Joshi | C11: Chinese | D11: 46255 | E11: 28 | F11: 5 | G11: 720 | H11: Delivered
A12: FD1029 | B12: Kavya Reddy | C12: Fast Food | D12: 46258 | E12: 29 | F12: 5 | G12: 540 | H12: Delivered
A13: FD1030 | B13: Manish Yadav | C13: Italian | D13: 46259 | E13: 30 | F13: 5 | G13: 540 | H13: Delivered
A14: FD1034 | B14: Anjali Verma | C14: Fast Food | D14: 46261 | E14: 40 | F14: 4 | G14: 520 | H14: Delivered
A15: FD1035 | B15: Siddharth Rao | C15: Italian | D15: 46261 | E15: 17 | F15: 5 | G15: 510 | H15: Delivered
A16: FD1036 | B16: Karan Malhotra | C16: North Indian | D16: 46263 | E16: 29 | F16: 5 | G16: 560 | H16: Delivered

Sheet Restaurants
A1: RestaurantID | B1: RestaurantName | C1: Zone | D1: Category | E1: AvgRating
A2: R001 | B2: Tandoori Tales | C2: North | D2: Dine-in | E2: 4.3
A3: R002 | B3: Wok This Way | C3: North | D3: Cloud Kitchen | E3: 4
A4: R003 | B4: Burger Barn | C4: North | D4: QSR | E4: 3.8
A5: R004 | B5: Dosa Dynasty | C5: North | D5: Dine-in | E5: 4.5
A6: R005 | B6: Curry Leaf Kitchen | C6: South | D6: Cloud Kitchen | E6: 4.4
A7: R006 | B7: Noodle Nest | C7: South | D7: QSR | E7: 3.9
A8: R007 | B8: Punjabi Dhaba Express | C8: South | D8: QSR | E8: 4.1
A9: R008 | B9: Pizza Plaza | C9: South | D9: Dine-in | E9: 4.2
A10: R009 | B10: Masala Mantra | C10: East | D10: Cloud Kitchen | E10: 4.2
A11: R010 | B11: Dragon Bowl | C11: East | D11: Dine-in | E11: 4
A12: R011 | B12: Idli Express | C12: East | D12: QSR | E12: 4.1
A13: R012 | B13: Crispy Crunch | C13: East | D13: Cloud Kitchen | E13: 3.6
... A21: R020 | B21: Fries & Fizz | C21: Central | D21: QSR | E21: 3.9

Sheet Orders
A1: OrderID | B1: RestaurantID | C1: OrderDate | D1: Revenue | E1: RestaurantName | F1: Zone | H1: Column notes
A2: ORD-2001 | B2: R010 | C2: 46267 | D2: 340 | E2: =_xlfn.XLOOKUP(B2,Restaurants!$A$2:$A$21,Restaurants!$B$2:$B$21,"Not Listed",0) -> Dragon Bowl | F2: =IFERROR(INDEX(Restaurants!$C$2:$C$21,MATCH(B2,Restaurants!$A$2:$A$21,0)),"Not Listed") -> East | H2: E: XLOOKUP(lookup_value, lookup_array, return_array, 'Not Listed', 0) -> unmatched IDs show 'Not Listed' (rows with R099 and R105)
A3: ORD-2002 | B3: R002 | C3: 46269 | D3: 470 | E3: =_xlfn.XLOOKUP(B3,Restaurants!$A$2:$A$21,Restaurants!$B$2:$B$21,"Not Listed",0) -> Wok This Way | F3: =IFERROR(INDEX(Restaurants!$C$2:$C$21,MATCH(B3,Restaurants!$A$2:$A$21,0)),"Not Listed") -> North | H3: F: INDEX(Zone range, MATCH(RestaurantID, ID range, 0)) -> two-function nested lookup, wrapped in IFERROR for unmatched IDs
A4: ORD-2003 | B4: R004 | C4: 46269 | D4: 250 | E4: =_xlfn.XLOOKUP(B4,Restaurants!$A$2:$A$21,Restaurants!$B$2:$B$21,"Not Listed",0) -> Dosa Dynasty | F4: =IFERROR(INDEX(Restaurants!$C$2:$C$21,MATCH(B4,Restaurants!$A$2:$A$21,0)),"Not Listed") -> North
A5: ORD-2004 | B5: R010 | C5: 46269 | D5: 460 | E5: =_xlfn.XLOOKUP(B5,Restaurants!$A$2:$A$21,Restaurants!$B$2:$B$21,"Not Listed",0) -> Dragon Bowl | F5: =IFERROR(INDEX(Restaurants!$C$2:$C$21,MATCH(B5,Restaurants!$A$2:$A$21,0)),"Not Listed") -> East
A6: ORD-2005 | B6: R004 | C6: 46269 | D6: 810 | E6: =_xlfn.XLOOKUP(B6,Restaurants!$A$2:$A$21,Restaurants!$B$2:$B$21,"Not Listed",0) -> Dosa Dynasty | F6: =IFERROR(INDEX(Restaurants!$C$2:$C$21,MATCH(B6,Restaurants!$A$2:$A$21,0)),"Not Listed") -> North
A7: ORD-2006 | B7: R007 | C7: 46272 | D7: 320 | E7: =_xlfn.XLOOKUP(B7,Restaurants!$A$2:$A$21,Restaurants!$B$2:$B$21,"Not Listed",0) -> Punjabi Dhaba Express | F7: =IFERROR(INDEX(Restaurants!$C$2:$C$21,MATCH(B7,Restaurants!$A$2:$A$21,0)),"Not Listed") -> South
A8: ORD-2007 | B8: R099 | C8: 46272 | D8: 440 | E8: =_xlfn.XLOOKUP(B8,Restaurants!$A$2:$A$21,Restaurants!$B$2:$B$21,"Not Listed",0) -> Not Listed | F8: =IFERROR(INDEX(Restaurants!$C$2:$C$21,MATCH(B8,Restaurants!$A$2:$A$21,0)),"Not Listed") -> Not Listed
A9: ORD-2008 | B9: R008 | C9: 46272 | D9: 1600 | E9: =_xlfn.XLOOKUP(B9,Restaurants!$A$2:$A$21,Restaurants!$B$2:$B$21,"Not Listed",0) -> Pizza Plaza | F9: =IFERROR(INDEX(Restaurants!$C$2:$C$21,MATCH(B9,Restaurants!$A$2:$A$21,0)),"Not Listed") -> South
A10: ORD-2009 | B10: R003 | C10: 46273 | D10: 290 | E10: =_xlfn.XLOOKUP(B10,Restaurants!$A$2:$A$21,Restaurants!$B$2:$B$21,"Not Listed",0) -> Burger Barn | F10: =IFERROR(INDEX(Restaurants!$C$2:$C$21,MATCH(B10,Restaurants!$A$2:$A$21,0)),"Not Listed") -> North
A11: ORD-2010 | B11: R011 | C11: 46276 | D11: 220 | E11: =_xlfn.XLOOKUP(B11,Restaurants!$A$2:$A$21,Restaurants!$B$2:$B$21,"Not Listed",0) -> Idli Express | F11: =IFERROR(INDEX(Restaurants!$C$2:$C$21,MATCH(B11,Restaurants!$A$2:$A$21,0)),"Not Listed") -> East
A12: ORD-2011 | B12: R007 | C12: 46278 | D12: 370 | E12: =_xlfn.XLOOKUP(B12,Restaurants!$A$2:$A$21,Restaurants!$B$2:$B$21,"Not Listed",0) -> Punjabi Dhaba Express | F12: =IFERROR(INDEX(Restaurants!$C$2:$C$21,MATCH(B12,Restaurants!$A$2:$A$21,0)),"Not Listed") -> South
A13: ORD-2012 | B13: R014 | C13: 46278 | D13: 1010 | E13: =_xlfn.XLOOKUP(B13,Restaurants!$A$2:$A$21,Restaurants!$B$2:$B$21,"Not Listed",0) -> Chopstick Corner | F13: =IFERROR(INDEX(Restaurants!$C$2:$C$21,MATCH(B13,Restaurants!$A$2:$A$21,0)),"Not Listed") -> West
A14: ORD-2013 | B14: R002 | C14: 46279 | D14: 1120 | E14: =_xlfn.XLOOKUP(B14,Restaurants!$A$2:$A$21,Restaurants!$B$2:$B$21,"Not Listed",0) -> Wok This Way | F14: =IFERROR(INDEX(Restaurants!$C$2:$C$21,MATCH(B14,Restaurants!$A$2:$A$21,0)),"Not Listed") -> North
A15: ORD-2014 | B15: R013 | C15: 46280 | D15: 260 | E15: =_xlfn.XLOOKUP(B15,Restaurants!$A$2:$A$21,Restaurants!$B$2:$B$21,"Not Listed",0) -> Royal Biryani House | F15: =IFERROR(INDEX(Restaurants!$C$2:$C$21,MATCH(B15,Restaurants!$A$2:$A$21,0)),"Not Listed") -> West
... A25: ORD-2024 | B25: R018 | C25: 46291 | D25: 760 | E25: =_xlfn.XLOOKUP(B25,Restaurants!$A$2:$A$21,Restaurants!$B$2:$B$21,"Not Listed",0) -> Noodle Station | F25: =IFERROR(INDEX(Restaurants!$C$2:$C$21,MATCH(B25,Restaurants!$A$2:$A$21,0)),"Not Listed") -> Central
A28: Average Revenue by Zone (AVERAGEIF; zone names pulled from the Restaurants sheet)
A29: Zone | B29: Avg Revenue (Rs) | C29: Orders
A30: {=IFERROR(INDEX(Restaurants!$C$2:$C$21,MATCH(0,COUNTIF($A$29:A29,Restaurants!$C$2:$C$21),0)),"")} -> North | B30: =IFERROR(AVERAGEIF($F$2:$F$25,A30,$D$2:$D$25),"No orders") -> 586.66667 | C30: =COUNTIF($F$2:$F$25,A30) -> 6
A31: {=IFERROR(INDEX(Restaurants!$C$2:$C$21,MATCH(0,COUNTIF($A$29:A30,Restaurants!$C$2:$C$21),0)),"")} -> South | B31: =IFERROR(AVERAGEIF($F$2:$F$25,A31,$D$2:$D$25),"No orders") -> 643.33333 | C31: =COUNTIF($F$2:$F$25,A31) -> 6
A32: {=IFERROR(INDEX(Restaurants!$C$2:$C$21,MATCH(0,COUNTIF($A$29:A31,Restaurants!$C$2:$C$21),0)),"")} -> East | B32: =IFERROR(AVERAGEIF($F$2:$F$25,A32,$D$2:$D$25),"No orders") -> 372.5 | C32: =COUNTIF($F$2:$F$25,A32) -> 4
A33: {=IFERROR(INDEX(Restaurants!$C$2:$C$21,MATCH(0,COUNTIF($A$29:A32,Restaurants!$C$2:$C$21),0)),"")} -> West | B33: =IFERROR(AVERAGEIF($F$2:$F$25,A33,$D$2:$D$25),"No orders") -> 507.5 | C33: =COUNTIF($F$2:$F$25,A33) -> 4
A34: {=IFERROR(INDEX(Restaurants!$C$2:$C$21,MATCH(0,COUNTIF($A$29:A33,Restaurants!$C$2:$C$21),0)),"")} -> Central | B34: =IFERROR(AVERAGEIF($F$2:$F$25,A34,$D$2:$D$25),"No orders") -> 900 | C34: =COUNTIF($F$2:$F$25,A34) -> 2
A35: Not Listed | B35: =IFERROR(AVERAGEIF($F$2:$F$25,A35,$D$2:$D$25),"No orders") -> 315 | C35: =COUNTIF($F$2:$F$25,A35) -> 2
A36: All orders | B36: =AVERAGE($D$2:$D$25) -> 555.41667 | C36: =COUNTA($A$2:$A$25) -> 24

Sheet tblOrders
A1: OrderID | B1: RestaurantID | C1: Cuisine | D1: Zone | E1: OrderDate | F1: DeliveryTime | G1: Rating | H1: Revenue | I1: Status | J1: RestaurantName | K1: Category | L1: Orders | M1: Outlier Flag
A2: ORD-1001 | B2: R002 | C2: Chinese | D2: North | E2: 46204 | F2: 26 | G2: 4 | H2: 250 | I2: Delivered | J2: =_xlfn.XLOOKUP(B2,Restaurants!$A$2:$A$21,Restaurants!$B$2:$B$21,"Unknown",0) -> Wok This Way | K2: =_xlfn.XLOOKUP(B2,Restaurants!$A$2:$A$21,Restaurants!$D$2:$D$21,"Unknown",0) -> Cloud Kitchen | L2: 1 | M2: =IF(OR(F2<'Stats Summary'!$B$17,F2>'Stats Summary'!$B$18),"Yes","No") -> No
A3: ORD-1002 | B3: R015 | C3: South Indian | D3: West | E3: 46204 | F3: 27 | G3: 5 | H3: 310 | I3: Delivered | J3: =_xlfn.XLOOKUP(B3,Restaurants!$A$2:$A$21,Restaurants!$B$2:$B$21,"Unknown",0) -> Filter Coffee & Meals | K3: =_xlfn.XLOOKUP(B3,Restaurants!$A$2:$A$21,Restaurants!$D$2:$D$21,"Unknown",0) -> Dine-in | L3: 1 | M3: =IF(OR(F3<'Stats Summary'!$B$17,F3>'Stats Summary'!$B$18),"Yes","No") -> No
A4: ORD-1003 | B4: R015 | C4: South Indian | D4: West | E4: 46205 | F4: 25 | G4: 4 | H4: 165 | I4: Delivered | J4: =_xlfn.XLOOKUP(B4,Restaurants!$A$2:$A$21,Restaurants!$B$2:$B$21,"Unknown",0) -> Filter Coffee & Meals | K4: =_xlfn.XLOOKUP(B4,Restaurants!$A$2:$A$21,Restaurants!$D$2:$D$21,"Unknown",0) -> Dine-in | L4: 1 | M4: =IF(OR(F4<'Stats Summary'!$B$17,F4>'Stats Summary'!$B$18),"Yes","No") -> No
A5: ORD-1004 | B5: R003 | C5: Fast Food | D5: North | E5: 46206 | F5: 25 | G5: 5 | H5: 525 | I5: Delivered | J5: =_xlfn.XLOOKUP(B5,Restaurants!$A$2:$A$21,Restaurants!$B$2:$B$21,"Unknown",0) -> Burger Barn | K5: =_xlfn.XLOOKUP(B5,Restaurants!$A$2:$A$21,Restaurants!$D$2:$D$21,"Unknown",0) -> QSR | L5: 1 | M5: =IF(OR(F5<'Stats Summary'!$B$17,F5>'Stats Summary'!$B$18),"Yes","No") -> No
A6: ORD-1005 | B6: R019 | C6: South Indian | D6: Central | E6: 46207 | F6: 29 | G6: 5 | H6: 390 | I6: Delivered | J6: =_xlfn.XLOOKUP(B6,Restaurants!$A$2:$A$21,Restaurants!$B$2:$B$21,"Unknown",0) -> Sambar Spot | K6: =_xlfn.XLOOKUP(B6,Restaurants!$A$2:$A$21,Restaurants!$D$2:$D$21,"Unknown",0) -> Cloud Kitchen | L6: 1 | M6: =IF(OR(F6<'Stats Summary'!$B$17,F6>'Stats Summary'!$B$18),"Yes","No") -> No
A7: ORD-1006 | B7: R019 | C7: South Indian | D7: Central | E7: 46207 | F7: 33 | G7: 4 | H7: 525 | I7: Delivered | J7: =_xlfn.XLOOKUP(B7,Restaurants!$A$2:$A$21,Restaurants!$B$2:$B$21,"Unknown",0) -> Sambar Spot | K7: =_xlfn.XLOOKUP(B7,Restaurants!$A$2:$A$21,Restaurants!$D$2:$D$21,"Unknown",0) -> Cloud Kitchen | L7: 1 | M7: =IF(OR(F7<'Stats Summary'!$B$17,F7>'Stats Summary'!$B$18),"Yes","No") -> No
A8: ORD-1007 | B8: R010 | C8: Chinese | D8: East | E8: 46207 | F8: 36 | G8: 5 | H8: 300 | I8: Delivered | J8: =_xlfn.XLOOKUP(B8,Restaurants!$A$2:$A$21,Restaurants!$B$2:$B$21,"Unknown",0) -> Dragon Bowl | K8: =_xlfn.XLOOKUP(B8,Restaurants!$A$2:$A$21,Restaurants!$D$2:$D$21,"Unknown",0) -> Dine-in | L8: 1 | M8: =IF(OR(F8<'Stats Summary'!$B$17,F8>'Stats Summary'!$B$18),"Yes","No") -> No
A9: ORD-1008 | B9: R016 | C9: Fast Food | D9: West | E9: 46211 | F9: 15 | G9: 5 | H9: 180 | I9: Delivered | J9: =_xlfn.XLOOKUP(B9,Restaurants!$A$2:$A$21,Restaurants!$B$2:$B$21,"Unknown",0) -> Wrap & Roll | K9: =_xlfn.XLOOKUP(B9,Restaurants!$A$2:$A$21,Restaurants!$D$2:$D$21,"Unknown",0) -> QSR | L9: 1 | M9: =IF(OR(F9<'Stats Summary'!$B$17,F9>'Stats Summary'!$B$18),"Yes","No") -> No
A10: ORD-1009 | B10: R019 | C10: South Indian | D10: Central | E10: 46211 | F10: 46 | G10: 4 | H10: 405 | I10: Delayed | J10: =_xlfn.XLOOKUP(B10,Restaurants!$A$2:$A$21,Restaurants!$B$2:$B$21,"Unknown",0) -> Sambar Spot | K10: =_xlfn.XLOOKUP(B10,Restaurants!$A$2:$A$21,Restaurants!$D$2:$D$21,"Unknown",0) -> Cloud Kitchen | L10: 1 | M10: =IF(OR(F10<'Stats Summary'!$B$17,F10>'Stats Summary'!$B$18),"Yes","No") -> No
A11: ORD-1010 | B11: R007 | C11: North Indian | D11: South | E11: 46212 | F11: 20 | G11: 5 | H11: 395 | I11: Delivered | J11: =_xlfn.XLOOKUP(B11,Restaurants!$A$2:$A$21,Restaurants!$B$2:$B$21,"Unknown",0) -> Punjabi Dhaba Express | K11: =_xlfn.XLOOKUP(B11,Restaurants!$A$2:$A$21,Restaurants!$D$2:$D$21,"Unknown",0) -> QSR | L11: 1 | M11: =IF(OR(F11<'Stats Summary'!$B$17,F11>'Stats Summary'!$B$18),"Yes","No") -> No
A12: ORD-1011 | B12: R002 | C12: Chinese | D12: North | E12: 46213 | F12: 28 | G12: 5 | H12: 470 | I12: Delivered | J12: =_xlfn.XLOOKUP(B12,Restaurants!$A$2:$A$21,Restaurants!$B$2:$B$21,"Unknown",0) -> Wok This Way | K12: =_xlfn.XLOOKUP(B12,Restaurants!$A$2:$A$21,Restaurants!$D$2:$D$21,"Unknown",0) -> Cloud Kitchen | L12: 1 | M12: =IF(OR(F12<'Stats Summary'!$B$17,F12>'Stats Summary'!$B$18),"Yes","No") -> No
A13: ORD-1012 | B13: R010 | C13: Chinese | D13: East | E13: 46213 | F13: 43 | G13: 3 | H13: 325 | I13: Delivered | J13: =_xlfn.XLOOKUP(B13,Restaurants!$A$2:$A$21,Restaurants!$B$2:$B$21,"Unknown",0) -> Dragon Bowl | K13: =_xlfn.XLOOKUP(B13,Restaurants!$A$2:$A$21,Restaurants!$D$2:$D$21,"Unknown",0) -> Dine-in | L13: 1 | M13: =IF(OR(F13<'Stats Summary'!$B$17,F13>'Stats Summary'!$B$18),"Yes","No") -> No
... A121: ORD-1120 | B121: R016 | C121: Fast Food | D121: West | E121: 46295 | F121: 28 | G121: 5 | H121: 360 | I121: Delivered | J121: =_xlfn.XLOOKUP(B121,Restaurants!$A$2:$A$21,Restaurants!$B$2:$B$21,"Unknown",0) -> Wrap & Roll | K121: =_xlfn.XLOOKUP(B121,Restaurants!$A$2:$A$21,Restaurants!$D$2:$D$21,"Unknown",0) -> QSR | L121: 1 | M121: =IF(OR(F121<'Stats Summary'!$B$17,F121>'Stats Summary'!$B$18),"Yes","No") -> No

Sheet Stats Summary
A1: Task 4 - DeliveryTime: descriptive statistics & IQR outlier rule
A2: Source: tblOrders[DeliveryTime] (minutes). All values are live formulas.
A3: Statistic | B3: Value | C3: Excel function
A4: Count | B4: =COUNT(tblOrders[DeliveryTime]) -> 120 | C4: COUNT
A5: Mean | B5: =AVERAGE(tblOrders[DeliveryTime]) -> 33.775 | C5: AVERAGE
A6: Median | B6: =MEDIAN(tblOrders[DeliveryTime]) -> 31 | C6: MEDIAN
A7: Mode | B7: =_xlfn.MODE.SNGL(tblOrders[DeliveryTime]) -> 36 | C7: MODE.SNGL
A8: Standard Deviation | B8: =_xlfn.STDEV.S(tblOrders[DeliveryTime]) -> 14.017074 | C8: STDEV.S
A9: Variance | B9: =_xlfn.VAR.S(tblOrders[DeliveryTime]) -> 196.47836 | C9: VAR.S
A10: Minimum | B10: =MIN(tblOrders[DeliveryTime]) -> 14 | C10: MIN
A11: Maximum | B11: =MAX(tblOrders[DeliveryTime]) -> 112 | C11: MAX
A12: 25th percentile (Q1) | B12: =_xlfn.QUARTILE.INC(tblOrders[DeliveryTime],1) -> 27 | C12: QUARTILE.INC(range,1)
A13: 75th percentile (Q3) | B13: =_xlfn.QUARTILE.INC(tblOrders[DeliveryTime],3) -> 36 | C13: QUARTILE.INC(range,3)
A15: IQR outlier rule
A16: IQR (Q3 - Q1) | B16: =B13-B12 -> 9 | C16: Q3 - Q1
A17: Lower bound | B17: =B12-1.5*B16 -> 13.5 | C17: Q1 - 1.5 x IQR
A18: Upper bound | B18: =B13+1.5*B16 -> 49.5 | C18: Q3 + 1.5 x IQR
A19: Outliers flagged ('Yes') | B19: =COUNTIF(tblOrders[Outlier Flag],"Yes") -> 9 | C19: COUNTIF on Outlier Flag column
A20: Outlier share of orders | B20: =B19/B4 -> 0.075 | C20: flagged / count
A22: 'Outlier Flag' column (tblOrders, column M) = IF(DeliveryTime < lower bound OR DeliveryTime > upper bound, "Yes", "No").

Sheet Zone Stats
A1: Capstone - Zone Stats
A2: Mean via AVERAGEIF; Median and Standard Deviation via array formulas (MEDIAN(IF()) / STDEV.S(IF())).
A4: Zone | B4: Orders | C4: Mean DeliveryTime (min) | D4: Median DeliveryTime (min) | E4: StdDev DeliveryTime (min) | F4: Mean Revenue (Rs) | G4: Median Revenue (Rs) | H4: StdDev Revenue (Rs) | I4: Avg DeliveryTime vs overall median
A5: North | B5: =COUNTIF(tblOrders[Zone],A5) -> 24 | C5: =AVERAGEIF(tblOrders[Zone],A5,tblOrders[DeliveryTime]) -> 30.791667 | D5: {=MEDIAN(IF(tblOrders[Zone]=A5,tblOrders[DeliveryTime]))} -> 29 | E5: {=_xlfn.STDEV.S(IF(tblOrders[Zone]=A5,tblOrders[DeliveryTime]))} -> 9.3482347 | F5: =AVERAGEIF(tblOrders[Zone],A5,tblOrders[Revenue]) -> 485.41667 | G5: {=MEDIAN(IF(tblOrders[Zone]=A5,tblOrders[Revenue]))} -> 487.5 | H5: {=_xlfn.STDEV.S(IF(tblOrders[Zone]=A5,tblOrders[Revenue]))} -> 222.91018 | I5: =IF(C5>$D$11,"Above overall median","Not above") -> Not above
A6: South | B6: =COUNTIF(tblOrders[Zone],A6) -> 22 | C6: =AVERAGEIF(tblOrders[Zone],A6,tblOrders[DeliveryTime]) -> 30.772727 | D6: {=MEDIAN(IF(tblOrders[Zone]=A6,tblOrders[DeliveryTime]))} -> 28.5 | E6: {=_xlfn.STDEV.S(IF(tblOrders[Zone]=A6,tblOrders[DeliveryTime]))} -> 10.945457 | F6: =AVERAGEIF(tblOrders[Zone],A6,tblOrders[Revenue]) -> 448.63636 | G6: {=MEDIAN(IF(tblOrders[Zone]=A6,tblOrders[Revenue]))} -> 405 | H6: {=_xlfn.STDEV.S(IF(tblOrders[Zone]=A6,tblOrders[Revenue]))} -> 182.60145 | I6: =IF(C6>$D$11,"Above overall median","Not above") -> Not above
A7: East | B7: =COUNTIF(tblOrders[Zone],A7) -> 27 | C7: =AVERAGEIF(tblOrders[Zone],A7,tblOrders[DeliveryTime]) -> 40.037037 | D7: {=MEDIAN(IF(tblOrders[Zone]=A7,tblOrders[DeliveryTime]))} -> 36 | E7: {=_xlfn.STDEV.S(IF(tblOrders[Zone]=A7,tblOrders[DeliveryTime]))} -> 17.377 | F7: =AVERAGEIF(tblOrders[Zone],A7,tblOrders[Revenue]) -> 505.37037 | G7: {=MEDIAN(IF(tblOrders[Zone]=A7,tblOrders[Revenue]))} -> 440 | H7: {=_xlfn.STDEV.S(IF(tblOrders[Zone]=A7,tblOrders[Revenue]))} -> 250.54527 | I7: =IF(C7>$D$11,"Above overall median","Not above") -> Above overall median
A8: West | B8: =COUNTIF(tblOrders[Zone],A8) -> 24 | C8: =AVERAGEIF(tblOrders[Zone],A8,tblOrders[DeliveryTime]) -> 26.791667 | D8: {=MEDIAN(IF(tblOrders[Zone]=A8,tblOrders[DeliveryTime]))} -> 28 | E8: {=_xlfn.STDEV.S(IF(tblOrders[Zone]=A8,tblOrders[DeliveryTime]))} -> 7.0954925 | F8: =AVERAGEIF(tblOrders[Zone],A8,tblOrders[Revenue]) -> 537.70833 | G8: {=MEDIAN(IF(tblOrders[Zone]=A8,tblOrders[Revenue]))} -> 502.5 | H8: {=_xlfn.STDEV.S(IF(tblOrders[Zone]=A8,tblOrders[Revenue]))} -> 295.23012 | I8: =IF(C8>$D$11,"Above overall median","Not above") -> Not above
A9: Central | B9: =COUNTIF(tblOrders[Zone],A9) -> 23 | C9: =AVERAGEIF(tblOrders[Zone],A9,tblOrders[DeliveryTime]) -> 39.695652 | D9: {=MEDIAN(IF(tblOrders[Zone]=A9,tblOrders[DeliveryTime]))} -> 36 | E9: {=_xlfn.STDEV.S(IF(tblOrders[Zone]=A9,tblOrders[DeliveryTime]))} -> 17.054551 | F9: =AVERAGEIF(tblOrders[Zone],A9,tblOrders[Revenue]) -> 575.86957 | G9: {=MEDIAN(IF(tblOrders[Zone]=A9,tblOrders[Revenue]))} -> 495 | H9: {=_xlfn.STDEV.S(IF(tblOrders[Zone]=A9,tblOrders[Revenue]))} -> 355.47232 | I9: =IF(C9>$D$11,"Above overall median","Not above") -> Above overall median
A10: All zones | B10: =COUNTA(tblOrders[Zone]) -> 120 | C10: =AVERAGE(tblOrders[DeliveryTime]) -> 33.775 | D10: =MEDIAN(tblOrders[DeliveryTime]) -> 31 | E10: =_xlfn.STDEV.S(tblOrders[DeliveryTime]) -> 14.017074 | F10: =AVERAGE(tblOrders[Revenue]) -> 510.95833 | G10: =MEDIAN(tblOrders[Revenue]) -> 472.5 | H10: =_xlfn.STDEV.S(tblOrders[Revenue]) -> 266.88075
A11: Overall median DeliveryTime (min) | D11: =MEDIAN(tblOrders[DeliveryTime]) -> 31
A13: Flag rule: a zone is flagged when its AVERAGE DeliveryTime is greater than the MEDIAN DeliveryTime of all orders (D11).

Sheet Pivot Check
A1: Pivot Check - formula totals your PivotTables must match
A2: Built with SUMIFS / COUNTIFS on tblOrders, so these are not pivots; they are the answer key for Task 3.
A4: 1) Revenue (SUM) by Cuisine x Zone
A5: Cuisine | B5: North | C5: South | D5: East | E5: West | F5: Central | G5: Grand Total
A6: North Indian | B6: =SUMIFS(tblOrders[Revenue],tblOrders[Cuisine],$A6,tblOrders[Zone],B$5) -> 2420 | C6: =SUMIFS(tblOrders[Revenue],tblOrders[Cuisine],$A6,tblOrders[Zone],C$5) -> 1915 | D6: =SUMIFS(tblOrders[Revenue],tblOrders[Cuisine],$A6,tblOrders[Zone],D$5) -> 2960 | E6: =SUMIFS(tblOrders[Revenue],tblOrders[Cuisine],$A6,tblOrders[Zone],E$5) -> 2600 | F6: =SUMIFS(tblOrders[Revenue],tblOrders[Cuisine],$A6,tblOrders[Zone],F$5) -> 2710 | G6: =SUM(B6:F6) -> 12605
A7: Chinese | B7: =SUMIFS(tblOrders[Revenue],tblOrders[Cuisine],$A7,tblOrders[Zone],B$5) -> 2035 | C7: =SUMIFS(tblOrders[Revenue],tblOrders[Cuisine],$A7,tblOrders[Zone],C$5) -> 3260 | D7: =SUMIFS(tblOrders[Revenue],tblOrders[Cuisine],$A7,tblOrders[Zone],D$5) -> 4275 | E7: =SUMIFS(tblOrders[Revenue],tblOrders[Cuisine],$A7,tblOrders[Zone],E$5) -> 2265 | F7: =SUMIFS(tblOrders[Revenue],tblOrders[Cuisine],$A7,tblOrders[Zone],F$5) -> 3345 | G7: =SUM(B7:F7) -> 15180
A8: South Indian | B8: =SUMIFS(tblOrders[Revenue],tblOrders[Cuisine],$A8,tblOrders[Zone],B$5) -> 1340 | C8: =SUMIFS(tblOrders[Revenue],tblOrders[Cuisine],$A8,tblOrders[Zone],C$5) -> 1215 | D8: =SUMIFS(tblOrders[Revenue],tblOrders[Cuisine],$A8,tblOrders[Zone],D$5) -> 3860 | E8: =SUMIFS(tblOrders[Revenue],tblOrders[Cuisine],$A8,tblOrders[Zone],E$5) -> 3255 | F8: =SUMIFS(tblOrders[Revenue],tblOrders[Cuisine],$A8,tblOrders[Zone],F$5) -> 4055 | G8: =SUM(B8:F8) -> 13725
A9: Fast Food | B9: =SUMIFS(tblOrders[Revenue],tblOrders[Cuisine],$A9,tblOrders[Zone],B$5) -> 5855 | C9: =SUMIFS(tblOrders[Revenue],tblOrders[Cuisine],$A9,tblOrders[Zone],C$5) -> 3480 | D9: =SUMIFS(tblOrders[Revenue],tblOrders[Cuisine],$A9,tblOrders[Zone],D$5) -> 2550 | E9: =SUMIFS(tblOrders[Revenue],tblOrders[Cuisine],$A9,tblOrders[Zone],E$5) -> 4785 | F9: =SUMIFS(tblOrders[Revenue],tblOrders[Cuisine],$A9,tblOrders[Zone],F$5) -> 3135 | G9: =SUM(B9:F9) -> 19805
A10: Grand Total | B10: =SUM(B6:B9) -> 11650 | C10: =SUM(C6:C9) -> 9870 | D10: =SUM(D6:D9) -> 13645 | E10: =SUM(E6:E9) -> 12905 | F10: =SUM(F6:F9) -> 13245 | G10: =SUM(G6:G9) -> 61315
A12: 2) AvgRevenuePerOrder = SUM(Revenue) / SUM(Orders) by Cuisine x Zone
A13: Cuisine | B13: North | C13: South | D13: East | E13: West | F13: Central | G13: Grand Total
A14: North Indian | B14: =IFERROR(SUMIFS(tblOrders[Revenue],tblOrders[Cuisine],$A14,tblOrders[Zone],B$13)/COUNTIFS(tblOrders[Cuisine],$A14,tblOrders[Zone],B$13),0) -> 403.33333 | C14: =IFERROR(SUMIFS(tblOrders[Revenue],tblOrders[Cuisine],$A14,tblOrders[Zone],C$13)/COUNTIFS(tblOrders[Cuisine],$A14,tblOrders[Zone],C$13),0) -> 383 | D14: =IFERROR(SUMIFS(tblOrders[Revenue],tblOrders[Cuisine],$A14,tblOrders[Zone],D$13)/COUNTIFS(tblOrders[Cuisine],$A14,tblOrders[Zone],D$13),0) -> 493.33333 | E14: =IFERROR(SUMIFS(tblOrders[Revenue],tblOrders[Cuisine],$A14,tblOrders[Zone],E$13)/COUNTIFS(tblOrders[Cuisine],$A14,tblOrders[Zone],E$13),0) -> 520 | F14: =IFERROR(SUMIFS(tblOrders[Revenue],tblOrders[Cuisine],$A14,tblOrders[Zone],F$13)/COUNTIFS(tblOrders[Cuisine],$A14,tblOrders[Zone],F$13),0) -> 903.33333 | G14: =SUMIFS(tblOrders[Revenue],tblOrders[Cuisine],$A14)/COUNTIFS(tblOrders[Cuisine],$A14) -> 504.2
A15: Chinese | B15: =IFERROR(SUMIFS(tblOrders[Revenue],tblOrders[Cuisine],$A15,tblOrders[Zone],B$13)/COUNTIFS(tblOrders[Cuisine],$A15,tblOrders[Zone],B$13),0) -> 508.75 | C15: =IFERROR(SUMIFS(tblOrders[Revenue],tblOrders[Cuisine],$A15,tblOrders[Zone],C$13)/COUNTIFS(tblOrders[Cuisine],$A15,tblOrders[Zone],C$13),0) -> 407.5 | D15: =IFERROR(SUMIFS(tblOrders[Revenue],tblOrders[Cuisine],$A15,tblOrders[Zone],D$13)/COUNTIFS(tblOrders[Cuisine],$A15,tblOrders[Zone],D$13),0) -> 534.375 | E15: =IFERROR(SUMIFS(tblOrders[Revenue],tblOrders[Cuisine],$A15,tblOrders[Zone],E$13)/COUNTIFS(tblOrders[Cuisine],$A15,tblOrders[Zone],E$13),0) -> 566.25 | F15: =IFERROR(SUMIFS(tblOrders[Revenue],tblOrders[Cuisine],$A15,tblOrders[Zone],F$13)/COUNTIFS(tblOrders[Cuisine],$A15,tblOrders[Zone],F$13),0) -> 669 | G15: =SUMIFS(tblOrders[Revenue],tblOrders[Cuisine],$A15)/COUNTIFS(tblOrders[Cuisine],$A15) -> 523.44828
A16: South Indian | B16: =IFERROR(SUMIFS(tblOrders[Revenue],tblOrders[Cuisine],$A16,tblOrders[Zone],B$13)/COUNTIFS(tblOrders[Cuisine],$A16,tblOrders[Zone],B$13),0) -> 446.66667 | C16: =IFERROR(SUMIFS(tblOrders[Revenue],tblOrders[Cuisine],$A16,tblOrders[Zone],C$13)/COUNTIFS(tblOrders[Cuisine],$A16,tblOrders[Zone],C$13),0) -> 405 | D16: =IFERROR(SUMIFS(tblOrders[Revenue],tblOrders[Cuisine],$A16,tblOrders[Zone],D$13)/COUNTIFS(tblOrders[Cuisine],$A16,tblOrders[Zone],D$13),0) -> 428.88889 | E16: =IFERROR(SUMIFS(tblOrders[Revenue],tblOrders[Cuisine],$A16,tblOrders[Zone],E$13)/COUNTIFS(tblOrders[Cuisine],$A16,tblOrders[Zone],E$13),0) -> 542.5 | F16: =IFERROR(SUMIFS(tblOrders[Revenue],tblOrders[Cuisine],$A16,tblOrders[Zone],F$13)/COUNTIFS(tblOrders[Cuisine],$A16,tblOrders[Zone],F$13),0) -> 450.55556 | G16: =SUMIFS(tblOrders[Revenue],tblOrders[Cuisine],$A16)/COUNTIFS(tblOrders[Cuisine],$A16) -> 457.5
A17: Fast Food | B17: =IFERROR(SUMIFS(tblOrders[Revenue],tblOrders[Cuisine],$A17,tblOrders[Zone],B$13)/COUNTIFS(tblOrders[Cuisine],$A17,tblOrders[Zone],B$13),0) -> 532.27273 | C17: =IFERROR(SUMIFS(tblOrders[Revenue],tblOrders[Cuisine],$A17,tblOrders[Zone],C$13)/COUNTIFS(tblOrders[Cuisine],$A17,tblOrders[Zone],C$13),0) -> 580 | D17: =IFERROR(SUMIFS(tblOrders[Revenue],tblOrders[Cuisine],$A17,tblOrders[Zone],D$13)/COUNTIFS(tblOrders[Cuisine],$A17,tblOrders[Zone],D$13),0) -> 637.5 | E17: =IFERROR(SUMIFS(tblOrders[Revenue],tblOrders[Cuisine],$A17,tblOrders[Zone],E$13)/COUNTIFS(tblOrders[Cuisine],$A17,tblOrders[Zone],E$13),0) -> 531.66667 | F17: =IFERROR(SUMIFS(tblOrders[Revenue],tblOrders[Cuisine],$A17,tblOrders[Zone],F$13)/COUNTIFS(tblOrders[Cuisine],$A17,tblOrders[Zone],F$13),0) -> 522.5 | G17: =SUMIFS(tblOrders[Revenue],tblOrders[Cuisine],$A17)/COUNTIFS(tblOrders[Cuisine],$A17) -> 550.13889
A18: Grand Total | B18: =SUMIFS(tblOrders[Revenue],tblOrders[Zone],B$13)/COUNTIFS(tblOrders[Zone],B$13) -> 485.41667 | C18: =SUMIFS(tblOrders[Revenue],tblOrders[Zone],C$13)/COUNTIFS(tblOrders[Zone],C$13) -> 448.63636 | D18: =SUMIFS(tblOrders[Revenue],tblOrders[Zone],D$13)/COUNTIFS(tblOrders[Zone],D$13) -> 505.37037 | E18: =SUMIFS(tblOrders[Revenue],tblOrders[Zone],E$13)/COUNTIFS(tblOrders[Zone],E$13) -> 537.70833 | F18: =SUMIFS(tblOrders[Revenue],tblOrders[Zone],F$13)/COUNTIFS(tblOrders[Zone],F$13) -> 575.86957 | G18: =SUM(tblOrders[Revenue])/ROWS(tblOrders[OrderID]) -> 510.95833
A20: 3) Order count by Month and Quarter
A21: Month | B21: Quarter | C21: Order Count
A22: 46204 | B22: ="Qtr"&ROUNDUP(MONTH(A22)/3,0) -> Qtr3 | C22: =COUNTIFS(tblOrders[OrderDate],">="&A22,tblOrders[OrderDate],"<"&EDATE(A22,1)) -> 35
A23: 46235 | B23: ="Qtr"&ROUNDUP(MONTH(A23)/3,0) -> Qtr3 | C23: =COUNTIFS(tblOrders[OrderDate],">="&A23,tblOrders[OrderDate],"<"&EDATE(A23,1)) -> 51
A24: 46266 | B24: ="Qtr"&ROUNDUP(MONTH(A24)/3,0) -> Qtr3 | C24: =COUNTIFS(tblOrders[OrderDate],">="&A24,tblOrders[OrderDate],"<"&EDATE(A24,1)) -> 34
A25: Grand Total | C25: =SUM(C22:C24) -> 120

Sheet Dashboard
B1: Food Delivery Operations Dashboard
B2: Jul-Sep 2026 | Source: tblOrders | Refresh with Data > Refresh All after appending new rows
B3: Total Revenue | E3: Average Customer Rating | H3: On-Time Delivery %
B4: =SUM(tblOrders[Revenue]) -> 61315 | E4: =AVERAGE(tblOrders[Rating]) -> 4.3 | H4: =COUNTIFS(tblOrders[Status],"Delivered",tblOrders[DeliveryTime],"<=40")/ROWS(tblOrders[OrderID]) -> 0.8
B6: Interactive Pivot Dashboard
B7: Pivot (a): Revenue by Cuisine x Zone -> insert at B9 | L7: Zone Slicer + Timeline go here (connect both to pivots (a) and (b))
B22: Pivot (b): Order Count by Month -> insert at B24
B38: KPI notes: On-Time % = COUNTIFS(Status='Delivered', DeliveryTime<=40) / total rows. Top 10% revenue orders are highlighted green in tblOrders[Revenue].

Sheet Pivot Guide
A1: Pivot Guide - exact steps for the objects that must be inserted inside Excel
A2: Part 1 = Task 3 (sheet T3_Pivots). Part 2 = Capstone (sheet Dashboard). Always build from the table name tblOrders, never a cell range.
A3: Step | B3: Item | C3: What to do
A4: PART 1 | B4: Task 3
A5: 1 | B5: Pivot Table 1 | C5: Click any cell in tblOrders > Insert > PivotTable > Table/Range = tblOrders > Existing Worksheet = T3_Pivots!$B$6 > OK.
A6: 2 | B6: Layout | C6: Rows = Cuisine | Columns = Zone | Values = Revenue (Sum) | Filters = Status. PivotTable Design > Grand Totals > On for Rows and Columns.
A7: 3 | B7: Calculated Field | C7: PivotTable Analyze > Fields, Items & Sets > Calculated Field > Name = AvgRevenuePerOrder | Formula = =Revenue/Orders > Add > OK. 'Orders' is the helper column (always 1), so SUM(Orders) = order count. Now Sum of Revenue and Sum of AvgRevenuePerOrder sit side by side.
A8: 4 | B8: Pivot Table 2 | C8: Insert > PivotTable > tblOrders > Existing Worksheet = T3_Pivots!$B$26. Rows = OrderDate | Values = Count of OrderID (rename 'Order Count').
A9: 5 | B9: Group dates | C9: Right-click any date in Pivot 2 > Group > select Months and Quarters > OK (this gives Quarters > Months).
A10: 6 | B10: Timeline | C10: Click Pivot 2 > PivotTable Analyze > Insert Timeline > tick OrderDate > OK. Drag the bar to filter by date.
A11: 7 | B11: Pivot Chart | C11: Click Pivot 1 > PivotTable Analyze > PivotChart > Bar > Clustered Bar > OK. It is linked to Pivot 1 automatically.
A12: 8 | B12: Cuisine Slicer | C12: Click Pivot 1 > PivotTable Analyze > Insert Slicer > tick Cuisine > OK. One slicer filters Pivot 1 and its Pivot Chart together.
A13: 9 | B13: Check | C13: Compare Pivot 1 totals with 'Pivot Check' tables 1 and 2, and Pivot 2 with table 3 (should match exactly).
A14: PART 2 | B14: Capstone Dashboard
A15: 1 | B15: Pivot (a) | C15: Insert > PivotTable > tblOrders > Existing Worksheet = Dashboard!$B$9. Rows = Cuisine | Columns = Zone | Values = Sum of Revenue.
A16: 2 | B16: Pivot (b) | C16: Insert > PivotTable > tblOrders (Excel re-uses the same cache) > Dashboard!$B$24. Rows = OrderDate grouped by Months | Values = Count of OrderID.
A17: 3 | B17: Zone Slicer | C17: Click Pivot (a) > Insert Slicer > Zone. Right-click the slicer > Report Connections > tick BOTH pivots > OK.
A18: 4 | B18: Timeline | C18: Click Pivot (a) > Insert Timeline > OrderDate. Right-click > Report Connections > tick BOTH pivots.
A19: 5 | B19: Refresh | C19: After appending new rows under tblOrders: Data > Refresh All. KPI cards and Zone Stats update automatically.
